Song,Song Id,Artist,Streams,Week,Region
Shape of You,7qiZfU4dY1lWllzX7mPBI3,Ed Sheeran,"51,095,759",2017-01-06,Global
Shape of You,7qiZfU4dY1lWllzX7mPBI3,Ed Sheeran,"51,021,927",2017-01-13,Global
Shape of You,7qiZfU4dY1lWllzX7mPBI3,Ed Sheeran,"51,124,648",2017-01-20,Global
Shape of You,7qiZfU4dY1lWllzX7mPBI3,Ed Sheeran,"52,796,064",2017-01-27,Global
Shape of You,7qiZfU4dY1lWllzX7mPBI3,Ed Sheeran,"53,551,099",2017-02-03,Global
Shape of You,7qiZfU4dY1lWllzX7mPBI3,Ed Sheeran,"53,604,545",2017-02-10,Global
Shape of You,7qiZfU4dY1lWllzX7mPBI3,Ed Sheeran,"53,050,188",2017-02-17,Global
Shape of You,7qiZfU4dY1lWllzX7mPBI3,Ed Sheeran,"51,475,833",2017-02-24,Global
Shape of You,7qiZfU4dY1lWllzX7mPBI3,Ed Sheeran,"64,275,251",2017-03-03,Global
Shape of You,7qiZfU4dY1lWllzX7mPBI3,Ed Sheeran,"57,006,531",2017-03-10,Global
Shape of You,7qiZfU4dY1lWllzX7mPBI3,Ed Sheeran,"51,372,566",2017-03-17,Global
Shape of You,7qiZfU4dY1lWllzX7mPBI3,Ed Sheeran,"48,548,944",2017-03-24,Global
Shape of You,7qiZfU4dY1lWllzX7mPBI3,Ed Sheeran,"44,933,266",2017-03-31,Global
Shape of You,7qiZfU4dY1lWllzX7mPBI3,Ed Sheeran,"42,773,326",2017-04-07,Global
HUMBLE.,7KXjTSCq5nL1LoYtL7XAwS,Kendrick Lamar,"41,372,895",2017-04-14,Global
Despacito - Remix,5CtI0qwDJkDQGwXD1H1cLb,"Luis Fonsi, Daddy Yankee, Justin Bieber","43,222,758",2017-04-21,Global
Despacito - Remix,5CtI0qwDJkDQGwXD1H1cLb,"Luis Fonsi, Daddy Yankee, Justin Bieber","48,406,923",2017-04-28,Global
Despacito - Remix,5CtI0qwDJkDQGwXD1H1cLb,"Luis Fonsi, Daddy Yankee, Justin Bieber","50,575,073",2017-05-05,Global
Despacito - Remix,5CtI0qwDJkDQGwXD1H1cLb,"Luis Fonsi, Daddy Yankee, Justin Bieber","52,708,398",2017-05-12,Global
Despacito - Remix,5CtI0qwDJkDQGwXD1H1cLb,"Luis Fonsi, Daddy Yankee, Justin Bieber","54,848,635",2017-05-19,Global
Despacito - Remix,5CtI0qwDJkDQGwXD1H1cLb,"Luis Fonsi, Daddy Yankee, Justin Bieber","51,033,858",2017-05-26,Global
Despacito - Remix,5CtI0qwDJkDQGwXD1H1cLb,"Luis Fonsi, Daddy Yankee, Justin Bieber","50,180,612",2017-06-02,Global
Despacito - Remix,5CtI0qwDJkDQGwXD1H1cLb,"Luis Fonsi, Daddy Yankee, Justin Bieber","48,663,312",2017-06-09,Global
Despacito - Remix,5CtI0qwDJkDQGwXD1H1cLb,"Luis Fonsi, Daddy Yankee, Justin Bieber","47,412,236",2017-06-16,Global
Despacito - Remix,5CtI0qwDJkDQGwXD1H1cLb,"Luis Fonsi, Daddy Yankee, Justin Bieber","44,044,159",2017-06-23,Global
Despacito - Remix,5CtI0qwDJkDQGwXD1H1cLb,"Luis Fonsi, Daddy Yankee, Justin Bieber","41,954,303",2017-06-30,Global
Despacito - Remix,5CtI0qwDJkDQGwXD1H1cLb,"Luis Fonsi, Daddy Yankee, Justin Bieber","40,160,782",2017-07-07,Global
Despacito - Remix,5CtI0qwDJkDQGwXD1H1cLb,"Luis Fonsi, Daddy Yankee, Justin Bieber","37,572,118",2017-07-14,Global
Despacito - Remix,5CtI0qwDJkDQGwXD1H1cLb,"Luis Fonsi, Daddy Yankee, Justin Bieber","33,868,177",2017-07-21,Global
Mi Gente,2rb5MvYT7ZIxbKW5hfcHx8,"J Balvin, Willy William","31,742,250",2017-07-28,Global
Mi Gente,2rb5MvYT7ZIxbKW5hfcHx8,"J Balvin, Willy William","32,361,062",2017-08-04,Global
Mi Gente,2rb5MvYT7ZIxbKW5hfcHx8,"J Balvin, Willy William","32,309,813",2017-08-11,Global
Mi Gente,2rb5MvYT7ZIxbKW5hfcHx8,"J Balvin, Willy William","32,010,050",2017-08-18,Global
Look What You Made Me Do,6uFsE1JgZ20EXyU0JQZbUR,Taylor Swift,"44,480,002",2017-08-25,Global
Look What You Made Me Do,6uFsE1JgZ20EXyU0JQZbUR,Taylor Swift,"35,206,453",2017-09-01,Global
Too Good At Goodbyes - Edit,0mel2N9Ws9r4yLQn5QE21Y,Sam Smith,"30,706,135",2017-09-08,Global
rockstar,1OmcAT5Y8eg5bUPv9qJT4R,"Post Malone, 21 Savage","35,821,535",2017-09-15,Global
rockstar,1OmcAT5Y8eg5bUPv9qJT4R,"Post Malone, 21 Savage","46,918,992",2017-09-22,Global
rockstar,1OmcAT5Y8eg5bUPv9qJT4R,"Post Malone, 21 Savage","46,473,893",2017-09-29,Global
rockstar,7wGoVu4Dady5GV0Sv4UIsx,"Post Malone, 21 Savage","45,176,611",2017-10-06,Global
rockstar,7wGoVu4Dady5GV0Sv4UIsx,"Post Malone, 21 Savage","46,995,997",2017-10-13,Global
rockstar,7wGoVu4Dady5GV0Sv4UIsx,"Post Malone, 21 Savage","45,887,403",2017-10-20,Global
rockstar,7wGoVu4Dady5GV0Sv4UIsx,"Post Malone, 21 Savage","42,953,918",2017-10-27,Global
rockstar,7wGoVu4Dady5GV0Sv4UIsx,"Post Malone, 21 Savage","40,508,703",2017-11-03,Global
rockstar,7wGoVu4Dady5GV0Sv4UIsx,"Post Malone, 21 Savage","39,007,291",2017-11-10,Global
rockstar,7wGoVu4Dady5GV0Sv4UIsx,"Post Malone, 21 Savage","38,095,538",2017-11-17,Global
rockstar,7wGoVu4Dady5GV0Sv4UIsx,"Post Malone, 21 Savage","36,803,492",2017-11-24,Global
rockstar,7wGoVu4Dady5GV0Sv4UIsx,"Post Malone, 21 Savage","35,751,279",2017-12-01,Global
rockstar,7wGoVu4Dady5GV0Sv4UIsx,"Post Malone, 21 Savage","33,496,703",2017-12-08,Global
rockstar,7wGoVu4Dady5GV0Sv4UIsx,"Post Malone, 21 Savage","32,598,777",2017-12-15,Global
rockstar,7wGoVu4Dady5GV0Sv4UIsx,"Post Malone, 21 Savage","29,659,184",2017-12-22,Global
rockstar,7wGoVu4Dady5GV0Sv4UIsx,"Post Malone, 21 Savage","30,769,464",2017-12-29,Global
rockstar,7wGoVu4Dady5GV0Sv4UIsx,"Post Malone, 21 Savage","29,389,063",2018-01-05,Global
Havana (feat. Young Thug),1rfofaqEpACxVEHIZBJe6W,Camila Cabello,"30,948,101",2018-01-12,Global
God's Plan,2XW4DbS6NddZxRPm5rMCeY,Drake,"45,168,581",2018-01-19,Global
God's Plan,2XW4DbS6NddZxRPm5rMCeY,Drake,"54,061,893",2018-01-26,Global
God's Plan,2XW4DbS6NddZxRPm5rMCeY,Drake,"49,086,805",2018-02-02,Global
God's Plan,2XW4DbS6NddZxRPm5rMCeY,Drake,"45,893,551",2018-02-09,Global
God's Plan,2XW4DbS6NddZxRPm5rMCeY,Drake,"53,416,337",2018-02-16,Global
God's Plan,2XW4DbS6NddZxRPm5rMCeY,Drake,"54,891,573",2018-02-23,Global
God's Plan,2XW4DbS6NddZxRPm5rMCeY,Drake,"51,378,259",2018-03-02,Global
God's Plan,2XW4DbS6NddZxRPm5rMCeY,Drake,"47,148,714",2018-03-09,Global
God's Plan,2XW4DbS6NddZxRPm5rMCeY,Drake,"44,495,999",2018-03-16,Global
God's Plan,2XW4DbS6NddZxRPm5rMCeY,Drake,"42,879,151",2018-03-23,Global
Call Out My Name,1gm616Plq4ScqNi7TVkZ5N,The Weeknd,"40,628,023",2018-03-30,Global
God's Plan,2XW4DbS6NddZxRPm5rMCeY,Drake,"37,501,829",2018-04-06,Global
Nice For What,1cTZMwcBJT0Ka3UJPXOeeN,Drake,"41,781,391",2018-04-13,Global
Nice For What,1cTZMwcBJT0Ka3UJPXOeeN,Drake,"39,556,156",2018-04-20,Global
Better Now,7dt6x5M1jzdTEt8oCbisTK,Post Malone,"40,788,286",2018-04-27,Global
Better Now,7dt6x5M1jzdTEt8oCbisTK,Post Malone,"35,690,686",2018-05-04,Global
This Is America,0b9oOr2ZgvyQu88wzixux9,Childish Gambino,"34,989,790",2018-05-11,Global
Better Now,7dt6x5M1jzdTEt8oCbisTK,Post Malone,"30,755,342",2018-05-18,Global
Better Now,7dt6x5M1jzdTEt8oCbisTK,Post Malone,"29,702,255",2018-05-25,Global
Better Now,7dt6x5M1jzdTEt8oCbisTK,Post Malone,"29,726,175",2018-06-01,Global
Better Now,7dt6x5M1jzdTEt8oCbisTK,Post Malone,"31,141,447",2018-06-08,Global
SAD!,3ee8Jmje8o58CHK66QrVC2,XXXTENTACION,"33,620,835",2018-06-15,Global
SAD!,3ee8Jmje8o58CHK66QrVC2,XXXTENTACION,"38,010,231",2018-06-22,Global
Nonstop,2Vx8E3K5icPZR7OCklWBXX,Drake,"43,697,135",2018-06-29,Global
In My Feelings,0bAkKNCQfWkexHFn7fIKns,Drake,"43,950,715",2018-07-06,Global
In My Feelings,0bAkKNCQfWkexHFn7fIKns,Drake,"67,499,798",2018-07-13,Global
In My Feelings,2G7V7zsVDxg1yRsu7Ew9RJ,Drake,"65,825,491",2018-07-20,Global
In My Feelings,2G7V7zsVDxg1yRsu7Ew9RJ,Drake,"60,285,459",2018-07-27,Global
In My Feelings,2G7V7zsVDxg1yRsu7Ew9RJ,Drake,"53,952,698",2018-08-03,Global
In My Feelings,2G7V7zsVDxg1yRsu7Ew9RJ,Drake,"45,745,903",2018-08-10,Global
In My Feelings,2G7V7zsVDxg1yRsu7Ew9RJ,Drake,"39,419,339",2018-08-17,Global
In My Feelings,2G7V7zsVDxg1yRsu7Ew9RJ,Drake,"35,138,164",2018-08-24,Global
Lucky You (feat. Joyner Lucas),60SdxE8apGAxMiRrpbmLY0,Eminem,"34,874,403",2018-08-31,Global
I Love It (& Lil Pump),4S8d14HvHb70ImctNgVzQQ,Kanye West,"28,516,766",2018-09-07,Global
I Love It (& Lil Pump),4S8d14HvHb70ImctNgVzQQ,Kanye West,"36,147,990",2018-09-14,Global
I Love It (& Lil Pump),4S8d14HvHb70ImctNgVzQQ,Kanye West,"33,921,412",2018-09-21,Global
"Taki Taki (with Selena Gomez, Ozuna & Cardi B)",4w8niZpiMy6qz1mntFA5uM,DJ Snake,"29,542,152",2018-09-28,Global
"Taki Taki (with Selena Gomez, Ozuna & Cardi B)",4w8niZpiMy6qz1mntFA5uM,DJ Snake,"33,141,182",2018-10-05,Global
MIA (feat. Drake),116H0KvKr2Zl4RPuVBruDO,Bad Bunny,"39,639,615",2018-10-12,Global
"Taki Taki (with Selena Gomez, Ozuna & Cardi B)",4w8niZpiMy6qz1mntFA5uM,DJ Snake,"40,096,470",2018-10-19,Global
"Taki Taki (with Selena Gomez, Ozuna & Cardi B)",4w8niZpiMy6qz1mntFA5uM,DJ Snake,"40,931,264",2018-10-26,Global
"thank u, next",2rPE9A1vEgShuZxxzR2tZH,Ariana Grande,"47,098,337",2018-11-02,Global
"thank u, next",2rPE9A1vEgShuZxxzR2tZH,Ariana Grande,"59,975,503",2018-11-09,Global
"thank u, next",2rPE9A1vEgShuZxxzR2tZH,Ariana Grande,"45,530,537",2018-11-16,Global
"thank u, next",2rPE9A1vEgShuZxxzR2tZH,Ariana Grande,"39,493,862",2018-11-23,Global
"thank u, next",2rPE9A1vEgShuZxxzR2tZH,Ariana Grande,"50,459,484",2018-11-30,Global
"thank u, next",2rPE9A1vEgShuZxxzR2tZH,Ariana Grande,"41,560,176",2018-12-07,Global
"thank u, next",2rPE9A1vEgShuZxxzR2tZH,Ariana Grande,"37,940,606",2018-12-14,Global
All I Want for Christmas Is You,0bYg9bo50gSsH3LtXe2SQn,Mariah Carey,"39,567,108",2018-12-21,Global
"thank u, next",2rPE9A1vEgShuZxxzR2tZH,Ariana Grande,"31,187,542",2018-12-28,Global
Sunflower - Spider-Man: Into the Spider-Verse,3KkXRkHbMCARz0aVfEt68P,"Post Malone, Swae Lee","32,548,077",2019-01-04,Global
Sunflower - Spider-Man: Into the Spider-Verse,3KkXRkHbMCARz0aVfEt68P,"Post Malone, Swae Lee","34,579,416",2019-01-11,Global
7 rings,14msK75pk3pA33pzPVNtBF,Ariana Grande,"71,467,874",2019-01-18,Global
7 rings,14msK75pk3pA33pzPVNtBF,Ariana Grande,"59,324,475",2019-01-25,Global
7 rings,14msK75pk3pA33pzPVNtBF,Ariana Grande,"54,381,365",2019-02-01,Global
7 rings,6ocbgoVGwYJhOv1GgI9NsF,Ariana Grande,"63,197,614",2019-02-08,Global
7 rings,6ocbgoVGwYJhOv1GgI9NsF,Ariana Grande,"49,400,206",2019-02-15,Global
7 rings,6ocbgoVGwYJhOv1GgI9NsF,Ariana Grande,"43,103,015",2019-02-22,Global
7 rings,6ocbgoVGwYJhOv1GgI9NsF,Ariana Grande,"38,174,455",2019-03-01,Global
7 rings,6ocbgoVGwYJhOv1GgI9NsF,Ariana Grande,"35,348,576",2019-03-08,Global
7 rings,6ocbgoVGwYJhOv1GgI9NsF,Ariana Grande,"33,140,804",2019-03-15,Global
7 rings,6ocbgoVGwYJhOv1GgI9NsF,Ariana Grande,"31,265,664",2019-03-22,Global
bad guy,2Fxmhks0bxGSBdJ92vM42m,Billie Eilish,"50,342,324",2019-03-29,Global
bad guy,2Fxmhks0bxGSBdJ92vM42m,Billie Eilish,"44,148,365",2019-04-05,Global
bad guy,2Fxmhks0bxGSBdJ92vM42m,Billie Eilish,"43,659,589",2019-04-12,Global
bad guy,2Fxmhks0bxGSBdJ92vM42m,Billie Eilish,"40,259,374",2019-04-19,Global
bad guy,2Fxmhks0bxGSBdJ92vM42m,Billie Eilish,"39,122,056",2019-04-26,Global
bad guy,2Fxmhks0bxGSBdJ92vM42m,Billie Eilish,"38,276,163",2019-05-03,Global
I Don't Care (with Justin Bieber),3HVWdVOQ0ZA45FuZGSfvns,Ed Sheeran,"58,370,367",2019-05-10,Global
I Don't Care (with Justin Bieber),3HVWdVOQ0ZA45FuZGSfvns,Ed Sheeran,"46,540,421",2019-05-17,Global
I Don't Care (with Justin Bieber),3HVWdVOQ0ZA45FuZGSfvns,Ed Sheeran,"42,878,608",2019-05-24,Global
I Don't Care (with Justin Bieber),3HVWdVOQ0ZA45FuZGSfvns,Ed Sheeran,"40,740,644",2019-05-31,Global
I Don't Care (with Justin Bieber),3HVWdVOQ0ZA45FuZGSfvns,Ed Sheeran,"38,217,534",2019-06-07,Global
I Don't Care (with Justin Bieber),3HVWdVOQ0ZA45FuZGSfvns,Ed Sheeran,"37,076,390",2019-06-14,Global
Señorita,0TK2YIli7K1leLovkQiNik,"Shawn Mendes, Camila Cabello","63,045,599",2019-06-21,Global
Señorita,0TK2YIli7K1leLovkQiNik,"Shawn Mendes, Camila Cabello","66,933,317",2019-06-28,Global
Señorita,0TK2YIli7K1leLovkQiNik,"Shawn Mendes, Camila Cabello","67,237,638",2019-07-05,Global
Señorita,0TK2YIli7K1leLovkQiNik,"Shawn Mendes, Camila Cabello","64,942,021",2019-07-12,Global
Señorita,0TK2YIli7K1leLovkQiNik,"Shawn Mendes, Camila Cabello","61,224,745",2019-07-19,Global
Señorita,6v3KW9xbzN5yKLt9YKDYA2,"Shawn Mendes, Camila Cabello","57,580,873",2019-07-26,Global
Señorita,6v3KW9xbzN5yKLt9YKDYA2,"Shawn Mendes, Camila Cabello","54,083,728",2019-08-02,Global
Señorita,6v3KW9xbzN5yKLt9YKDYA2,"Shawn Mendes, Camila Cabello","50,496,007",2019-08-09,Global
Señorita,6v3KW9xbzN5yKLt9YKDYA2,"Shawn Mendes, Camila Cabello","48,269,764",2019-08-16,Global
Señorita,6v3KW9xbzN5yKLt9YKDYA2,"Shawn Mendes, Camila Cabello","46,917,158",2019-08-23,Global
Señorita,6v3KW9xbzN5yKLt9YKDYA2,"Shawn Mendes, Camila Cabello","45,594,172",2019-08-30,Global
Circles,51MMC5DogGZAnHil5HQAXg,Post Malone,"43,379,405",2019-09-06,Global
Señorita,6v3KW9xbzN5yKLt9YKDYA2,"Shawn Mendes, Camila Cabello","42,453,818",2019-09-13,Global
Señorita,6v3KW9xbzN5yKLt9YKDYA2,"Shawn Mendes, Camila Cabello","38,036,625",2019-09-20,Global
Señorita,6v3KW9xbzN5yKLt9YKDYA2,"Shawn Mendes, Camila Cabello","35,723,233",2019-09-27,Global
HIGHEST IN THE ROOM,3eekarcy7kvN4yt5ZFzltW,Travis Scott,"48,161,108",2019-10-04,Global
Dance Monkey,1rgnBhdG2JDFTbYkYRZAku,Tones And I,"41,681,147",2019-10-11,Global
Dance Monkey,1rgnBhdG2JDFTbYkYRZAku,Tones And I,"44,107,207",2019-10-18,Global
Lose You To Love Me,1HfMVBKM75vxSfsQ5VefZ5,Selena Gomez,"47,227,738",2019-10-25,Global
Dance Monkey,1rgnBhdG2JDFTbYkYRZAku,Tones And I,"43,488,484",2019-11-01,Global
Dance Monkey,1rgnBhdG2JDFTbYkYRZAku,Tones And I,"43,258,501",2019-11-08,Global
Dance Monkey,1rgnBhdG2JDFTbYkYRZAku,Tones And I,"42,934,057",2019-11-15,Global
Dance Monkey,1rgnBhdG2JDFTbYkYRZAku,Tones And I,"44,289,739",2019-11-22,Global
Dance Monkey,1rgnBhdG2JDFTbYkYRZAku,Tones And I,"44,439,902",2019-11-29,Global
Dance Monkey,1rgnBhdG2JDFTbYkYRZAku,Tones And I,"43,643,723",2019-12-06,Global
Dance Monkey,1rgnBhdG2JDFTbYkYRZAku,Tones And I,"46,760,593",2019-12-13,Global
Dance Monkey,1rgnBhdG2JDFTbYkYRZAku,Tones And I,"47,797,217",2019-12-20,Global
Dance Monkey,1rgnBhdG2JDFTbYkYRZAku,Tones And I,"50,183,626",2019-12-27,Global
Dance Monkey,1rgnBhdG2JDFTbYkYRZAku,Tones And I,"50,241,241",2020-01-03,Global
Dance Monkey,1rgnBhdG2JDFTbYkYRZAku,Tones And I,"52,055,226",2020-01-10,Global
Dance Monkey,1rgnBhdG2JDFTbYkYRZAku,Tones And I,"50,409,214",2020-01-17,Global
Dance Monkey,1rgnBhdG2JDFTbYkYRZAku,Tones And I,"48,870,726",2020-01-24,Global
Dance Monkey,1rgnBhdG2JDFTbYkYRZAku,Tones And I,"46,784,119",2020-01-31,Global
The Box,0nbXyq5TXYPCO7pr3N8S4I,Roddy Ricch,"46,164,667",2020-02-07,Global
Dance Monkey,1rgnBhdG2JDFTbYkYRZAku,Tones And I,"43,692,654",2020-02-14,Global
Blinding Lights,0sf12qNH5qcw8qpgymFOqD,The Weeknd,"43,653,241",2020-02-21,Global
Blinding Lights,0sf12qNH5qcw8qpgymFOqD,The Weeknd,"43,316,941",2020-02-28,Global
Blinding Lights,0sf12qNH5qcw8qpgymFOqD,The Weeknd,"41,066,317",2020-03-06,Global
Blinding Lights,0sf12qNH5qcw8qpgymFOqD,The Weeknd,"38,959,007",2020-03-13,Global
Blinding Lights,0VjIjW4GlUZAMYd2vXMi3b,The Weeknd,"52,375,259",2020-03-20,Global
Blinding Lights,0VjIjW4GlUZAMYd2vXMi3b,The Weeknd,"46,779,503",2020-03-27,Global
Blinding Lights,0VjIjW4GlUZAMYd2vXMi3b,The Weeknd,"45,847,200",2020-04-03,Global
Blinding Lights,0VjIjW4GlUZAMYd2vXMi3b,The Weeknd,"43,296,504",2020-04-10,Global
Blinding Lights,0VjIjW4GlUZAMYd2vXMi3b,The Weeknd,"42,335,028",2020-04-17,Global
THE SCOTTS,39Yp9wwQiSRIDOvrVg7mbk,"THE SCOTTS, Travis Scott, Kid Cudi","48,430,814",2020-04-24,Global
Blinding Lights,0VjIjW4GlUZAMYd2vXMi3b,The Weeknd,"38,464,931",2020-05-01,Global
Blinding Lights,0VjIjW4GlUZAMYd2vXMi3b,The Weeknd,"37,363,418",2020-05-08,Global
Blinding Lights,0VjIjW4GlUZAMYd2vXMi3b,The Weeknd,"37,691,387",2020-05-15,Global
Rain On Me (with Ariana Grande),24ySl2hOPGCDcxBxFIqWBu,Lady Gaga,"41,627,044",2020-05-22,Global
ROCKSTAR (feat. Roddy Ricch),7ytR5pFWmSjzHJIeQkgog4,DaBaby,"38,506,427",2020-05-29,Global
ROCKSTAR (feat. Roddy Ricch),7ytR5pFWmSjzHJIeQkgog4,DaBaby,"37,619,518",2020-06-05,Global
Blinding Lights,0VjIjW4GlUZAMYd2vXMi3b,The Weeknd,"34,399,758",2020-06-12,Global
ROCKSTAR (feat. Roddy Ricch),7ytR5pFWmSjzHJIeQkgog4,DaBaby,"37,371,773",2020-06-19,Global
ROCKSTAR (feat. Roddy Ricch),7ytR5pFWmSjzHJIeQkgog4,DaBaby,"37,785,236",2020-06-26,Global
ROCKSTAR (feat. Roddy Ricch),7ytR5pFWmSjzHJIeQkgog4,DaBaby,"38,114,397",2020-07-03,Global
ROCKSTAR (feat. Roddy Ricch),7ytR5pFWmSjzHJIeQkgog4,DaBaby,"36,999,793",2020-07-10,Global
ROCKSTAR (feat. Roddy Ricch),7ytR5pFWmSjzHJIeQkgog4,DaBaby,"35,694,103",2020-07-17,Global
cardigan,4R2kfaDFhslZEMJqAFNpdd,Taylor Swift,"35,783,009",2020-07-24,Global
Savage Love (Laxed - Siren Beat),1xQ6trAsedVPCdbtDAmk0c,"Jawsh 685, Jason Derulo","32,213,438",2020-07-31,Global
Savage Love (Laxed - Siren Beat),1xQ6trAsedVPCdbtDAmk0c,"Jawsh 685, Jason Derulo","32,224,412",2020-08-07,Global
WAP (feat. Megan Thee Stallion),4Oun2ylbjFKMPTiaSbbCih,Cardi B,"40,267,123",2020-08-14,Global
WAP (feat. Megan Thee Stallion),4Oun2ylbjFKMPTiaSbbCih,Cardi B,"43,393,301",2020-08-21,Global
WAP (feat. Megan Thee Stallion),4Oun2ylbjFKMPTiaSbbCih,Cardi B,"45,977,242",2020-08-28,Global
WAP (feat. Megan Thee Stallion),4Oun2ylbjFKMPTiaSbbCih,Cardi B,"44,519,875",2020-09-04,Global
WAP (feat. Megan Thee Stallion),4Oun2ylbjFKMPTiaSbbCih,Cardi B,"41,933,823",2020-09-11,Global
Mood (feat. iann dior),3tjFYV6RSFtuktYl3ZtYcq,24kGoldn,"41,500,977",2020-09-18,Global
Mood (feat. iann dior),3tjFYV6RSFtuktYl3ZtYcq,24kGoldn,"39,960,744",2020-09-25,Global
Mood (feat. iann dior),3tjFYV6RSFtuktYl3ZtYcq,24kGoldn,"37,910,562",2020-10-02,Global
Mood (feat. iann dior),3tjFYV6RSFtuktYl3ZtYcq,24kGoldn,"36,456,856",2020-10-09,Global
Mood (feat. iann dior),3tjFYV6RSFtuktYl3ZtYcq,24kGoldn,"35,709,174",2020-10-16,Global
positions,7igeByaBM0MgGsgXtNxDJ7,Ariana Grande,"41,862,937",2020-10-23,Global
positions,35mvY5S1H3J2QZyna3TFe0,Ariana Grande,"41,067,766",2020-10-30,Global
DÁKITI,47EiUVwUp4C9fGccaPuUCS,"Bad Bunny, Jhay Cortez","53,029,262",2020-11-06,Global
DÁKITI,47EiUVwUp4C9fGccaPuUCS,"Bad Bunny, Jhay Cortez","50,727,034",2020-11-13,Global
DÁKITI,47EiUVwUp4C9fGccaPuUCS,"Bad Bunny, Jhay Cortez","47,686,643",2020-11-20,Global
DÁKITI,4MzXwWMhyBbmu6hOcLVD49,"Bad Bunny, Jhay Cortez","53,344,093",2020-11-27,Global
DÁKITI,4MzXwWMhyBbmu6hOcLVD49,"Bad Bunny, Jhay Cortez","42,521,776",2020-12-04,Global
DÁKITI,4MzXwWMhyBbmu6hOcLVD49,"Bad Bunny, Jhay Cortez","38,564,049",2020-12-11,Global
All I Want for Christmas Is You,0bYg9bo50gSsH3LtXe2SQn,Mariah Carey,"53,401,383",2020-12-18,Global
DÁKITI,4MzXwWMhyBbmu6hOcLVD49,"Bad Bunny, Jhay Cortez","34,261,917",2020-12-25,Global
DÁKITI,4MzXwWMhyBbmu6hOcLVD49,"Bad Bunny, Jhay Cortez","31,544,941",2021-01-01,Global
drivers license,7lPN2DXiMsVn7XUKtOW1CS,Olivia Rodrigo,"65,873,080",2021-01-08,Global
drivers license,7lPN2DXiMsVn7XUKtOW1CS,Olivia Rodrigo,"80,764,045",2021-01-15,Global
drivers license,7lPN2DXiMsVn7XUKtOW1CS,Olivia Rodrigo,"64,681,075",2021-01-22,Global
drivers license,7lPN2DXiMsVn7XUKtOW1CS,Olivia Rodrigo,"54,166,615",2021-01-29,Global
drivers license,7lPN2DXiMsVn7XUKtOW1CS,Olivia Rodrigo,"48,003,217",2021-02-05,Global
drivers license,7lPN2DXiMsVn7XUKtOW1CS,Olivia Rodrigo,"42,861,515",2021-02-12,Global
drivers license,7lPN2DXiMsVn7XUKtOW1CS,Olivia Rodrigo,"40,018,035",2021-02-19,Global
drivers license,7lPN2DXiMsVn7XUKtOW1CS,Olivia Rodrigo,"37,066,956",2021-02-26,Global
drivers license,7lPN2DXiMsVn7XUKtOW1CS,Olivia Rodrigo,"34,354,364",2021-03-05,Global
drivers license,7lPN2DXiMsVn7XUKtOW1CS,Olivia Rodrigo,"31,682,433",2021-03-12,Global
Peaches (feat. Daniel Caesar & Giveon),4iJyoBOLtHqaGxP12qzhQI,Justin Bieber,"42,402,124",2021-03-19,Global
Peaches (feat. Daniel Caesar & Giveon),4iJyoBOLtHqaGxP12qzhQI,Justin Bieber,"49,387,249",2021-03-26,Global
Peaches (feat. Daniel Caesar & Giveon),4iJyoBOLtHqaGxP12qzhQI,Justin Bieber,"52,357,127",2021-04-02,Global
MONTERO (Call Me By Your Name),67BtfxlNbhBmCDR2L2l8qd,Lil Nas X,"55,582,612",2021-04-09,Global
MONTERO (Call Me By Your Name),67BtfxlNbhBmCDR2L2l8qd,Lil Nas X,"51,707,308",2021-04-16,Global
MONTERO (Call Me By Your Name),67BtfxlNbhBmCDR2L2l8qd,Lil Nas X,"50,055,276",2021-04-23,Global
MONTERO (Call Me By Your Name),67BtfxlNbhBmCDR2L2l8qd,Lil Nas X,"46,541,909",2021-04-30,Global
MONTERO (Call Me By Your Name),67BtfxlNbhBmCDR2L2l8qd,Lil Nas X,"43,223,596",2021-05-07,Global
good 4 u,6PERP62TejQjgHu81OHxgM,Olivia Rodrigo,"43,029,667",2021-05-14,Global
good 4 u,4ZtFanR9U6ndgddUvNcjcG,Olivia Rodrigo,"84,131,760",2021-05-21,Global
good 4 u,4ZtFanR9U6ndgddUvNcjcG,Olivia Rodrigo,"77,001,868",2021-05-28,Global
good 4 u,4ZtFanR9U6ndgddUvNcjcG,Olivia Rodrigo,"68,911,998",2021-06-04,Global
good 4 u,4ZtFanR9U6ndgddUvNcjcG,Olivia Rodrigo,"60,989,757",2021-06-11,Global
good 4 u,4ZtFanR9U6ndgddUvNcjcG,Olivia Rodrigo,"55,453,750",2021-06-18,Global
good 4 u,4ZtFanR9U6ndgddUvNcjcG,Olivia Rodrigo,"52,950,021",2021-06-25,Global
Beggin',3Wrjm47oTz2sjIgck11l5e,Måneskin,"51,833,305",2021-07-02,Global
Beggin',3Wrjm47oTz2sjIgck11l5e,Måneskin,"52,160,401",2021-07-09,Global
Beggin',3Wrjm47oTz2sjIgck11l5e,Måneskin,"51,365,875",2021-07-16,Global
Beggin',3Wrjm47oTz2sjIgck11l5e,Måneskin,"48,633,449",2021-07-23,Global
STAY (with Justin Bieber),5PjdY0CKGZdEuoNab3yDmX,The Kid LAROI,"53,295,313",2021-07-30,Global
STAY (with Justin Bieber),5PjdY0CKGZdEuoNab3yDmX,The Kid LAROI,"61,564,095",2021-08-06,Global
STAY (with Justin Bieber),5PjdY0CKGZdEuoNab3yDmX,The Kid LAROI,"69,314,436",2021-08-13,Global
STAY (with Justin Bieber),5PjdY0CKGZdEuoNab3yDmX,The Kid LAROI,"70,502,410",2021-08-20,Global
STAY (with Justin Bieber),5PjdY0CKGZdEuoNab3yDmX,The Kid LAROI,"68,764,542",2021-08-27,Global
STAY (with Justin Bieber),5PjdY0CKGZdEuoNab3yDmX,The Kid LAROI,"65,706,259",2021-09-03,Global
STAY (with Justin Bieber),5PjdY0CKGZdEuoNab3yDmX,The Kid LAROI,"62,413,082",2021-09-10,Global
STAY (with Justin Bieber),5PjdY0CKGZdEuoNab3yDmX,The Kid LAROI,"61,385,396",2021-09-17,Global
STAY (with Justin Bieber),5PjdY0CKGZdEuoNab3yDmX,The Kid LAROI,"55,885,730",2021-09-24,Global
STAY (with Justin Bieber),5PjdY0CKGZdEuoNab3yDmX,The Kid LAROI,"51,042,131",2021-10-01,Global
STAY (with Justin Bieber),5PjdY0CKGZdEuoNab3yDmX,The Kid LAROI,"48,121,006",2021-10-08,Global
Easy On Me,0gplL1WMoJ6iYaPgMCL0gX,Adele,"84,952,932",2021-10-15,Global
Easy On Me,0gplL1WMoJ6iYaPgMCL0gX,Adele,"57,081,735",2021-10-22,Global
Easy On Me,0gplL1WMoJ6iYaPgMCL0gX,Adele,"45,999,350",2021-10-29,Global
Easy On Me,0gplL1WMoJ6iYaPgMCL0gX,Adele,"41,085,341",2021-11-05,Global
All Too Well (10 Minute Version) (Taylor's Version) (From The Vault),5enxwA8aAbwZbf5qCHORXi,Taylor Swift,"41,903,929",2021-11-12,Global
Easy On Me,46IZ0fSY2mpAiktS3KOqds,Adele,"57,260,673",2021-11-19,Global
Easy On Me,46IZ0fSY2mpAiktS3KOqds,Adele,"42,352,529",2021-11-26,Global
Easy On Me,46IZ0fSY2mpAiktS3KOqds,Adele,"34,694,378",2021-12-03,Global
abcdefu,4fouWK6XVHhzl78KzQ1UjL,GAYLE,"34,440,025",2021-12-10,Global
All I Want for Christmas Is You,0bYg9bo50gSsH3LtXe2SQn,Mariah Carey,"41,518,285",2021-12-17,Global
All I Want for Christmas Is You,0bYg9bo50gSsH3LtXe2SQn,Mariah Carey,"38,691,349",2021-12-24,Global
STAY (with Justin Bieber),5PjdY0CKGZdEuoNab3yDmX,The Kid LAROI,"32,295,565",2021-12-31,Global
abcdefu,4fouWK6XVHhzl78KzQ1UjL,GAYLE,"32,267,898",2022-01-07,Global
abcdefu,4fouWK6XVHhzl78KzQ1UjL,GAYLE,"31,419,176",2022-01-14,Global
Heat Waves,02MWAaffLxlfxAUY7c5dvx,Glass Animals,"30,110,762",2022-01-21,Global
Heat Waves,02MWAaffLxlfxAUY7c5dvx,Glass Animals,"31,100,119",2022-01-28,Global
Heat Waves,02MWAaffLxlfxAUY7c5dvx,Glass Animals,"31,668,100",2022-02-04,Global
Heat Waves,02MWAaffLxlfxAUY7c5dvx,Glass Animals,"31,455,156",2022-02-11,Global
Heat Waves,02MWAaffLxlfxAUY7c5dvx,Glass Animals,"30,702,064",2022-02-18,Global
Heat Waves,02MWAaffLxlfxAUY7c5dvx,Glass Animals,"29,988,328",2022-02-25,Global
Heat Waves,02MWAaffLxlfxAUY7c5dvx,Glass Animals,"30,353,370",2022-03-04,Global
Heat Waves,02MWAaffLxlfxAUY7c5dvx,Glass Animals,"30,343,041",2022-03-11,Global
Heat Waves,02MWAaffLxlfxAUY7c5dvx,Glass Animals,"30,608,086",2022-03-18,Global
Heat Waves,02MWAaffLxlfxAUY7c5dvx,Glass Animals,"30,825,272",2022-03-25,Global
As It Was,4LRPiXqCikLlN15c3yImP7,Harry Styles,"78,460,903",2022-04-01,Global
